wavelength_nm,x_centroid_px,x_peak_px,displacement_px,filepath,dispersion_px_per_nm,resolution_nm
413,384.964301,389,0.0,scan_blocks_output/B2_0411_0450/00001_0413nm.npy,0.5467050000000029,7.316560119259892
415,386.057711,389,1.09341,scan_blocks_output/B2_0411_0450/00002_0415nm.npy,0.7233335000000096,5.529952642867981
417,387.857635,389,2.893334,scan_blocks_output/B2_0411_0450/00003_0417nm.npy,1.649842250000006,2.4244742186715036
419,392.65708,401,7.692778,scan_blocks_output/B2_0411_0450/00004_0419nm.npy,1.6059022499999998,2.490811629412687
421,394.281244,402,9.316943,scan_blocks_output/B2_0411_0450/00005_0421nm.npy,1.1847374999999971,3.3762753352535984
423,397.39603,406,12.431729,scan_blocks_output/B2_0411_0450/00006_0423nm.npy,1.105995749999991,3.616650425645878
425,398.705227,406,13.740926,scan_blocks_output/B2_0411_0450/00007_0425nm.npy,0.8663792499999943,4.616915744461823
427,400.861547,406,15.897245,scan_blocks_output/B2_0411_0450/00008_0427nm.npy,0.9473265000000026,4.222409063823284
429,402.494533,406,17.530232,scan_blocks_output/B2_0411_0450/00009_0429nm.npy,1.5541370000000114,2.5737756709993844
431,407.078095,418,22.113794,scan_blocks_output/B2_0411_0450/00010_0431nm.npy,1.52719175,2.6191864904980005
433,408.6033,418,23.638999,scan_blocks_output/B2_0411_0450/00011_0433nm.npy,0.8371187500000019,4.778294596794052
435,410.42657,418,25.462269,scan_blocks_output/B2_0411_0450/00012_0435nm.npy,0.773693250000008,5.170007622529935
437,411.698073,418,26.733772,scan_blocks_output/B2_0411_0450/00013_0437nm.npy,0.7376782499999877,5.422418242641784
439,413.377283,418,28.412982,scan_blocks_output/B2_0411_0450/00014_0439nm.npy,1.1962279999999907,3.3438441501118774
441,416.482985,423,31.518684,scan_blocks_output/B2_0411_0450/00015_0441nm.npy,1.0752422500000023,3.7200919141709616
443,417.678252,423,32.713951,scan_blocks_output/B2_0411_0450/00016_0443nm.npy,0.7581610000000012,5.275924243003787
445,419.515629,423,34.551328,scan_blocks_output/B2_0411_0450/00017_0445nm.npy,0.8039787499999989,4.975255875854935
447,420.894167,424,35.929865,scan_blocks_output/B2_0411_0450/00018_0447nm.npy,0.7337522500000091,5.451431324401323
449,422.450638,425,37.486337,scan_blocks_output/B2_0411_0450/00019_0449nm.npy,0.6832305000000076,5.8545395733942724
451,423.627089,425,38.662788,scan_blocks_output/B3_0451_0500/00000_0451nm.npy,0.5351822499999912,7.474089434020029
453,424.591367,425,39.627066,scan_blocks_output/B3_0451_0500/00001_0453nm.npy,0.4475414999999998,8.937718624976682
455,425.417255,425,40.452953,scan_blocks_output/B3_0451_0500/00002_0455nm.npy,0.41064174999999636,9.740850753728854
457,426.233934,425,41.269633,scan_blocks_output/B3_0451_0500/00003_0457nm.npy,0.4691702499999906,8.525689768266595
459,427.293936,425,42.329634,scan_blocks_output/B3_0451_0500/00004_0459nm.npy,0.4152245000000079,9.633342926537148
461,427.894832,425,42.930531,scan_blocks_output/B3_0451_0500/00005_0461nm.npy,0.8944532500000122,4.472005663795112
463,430.871749,435,45.907448,scan_blocks_output/B3_0451_0500/00006_0463nm.npy,1.040046750000002,3.845980961913484
465,432.055019,435,47.090718,scan_blocks_output/B3_0451_0500/00007_0465nm.npy,0.545390249999997,7.334197851905167
467,433.05331,435,48.089009,scan_blocks_output/B3_0451_0500/00008_0467nm.npy,0.4599582499999997,8.696441470503036
469,433.894852,435,48.930551,scan_blocks_output/B3_0451_0500/00009_0469nm.npy,0.3598494999999957,11.11575811554566
471,434.492708,435,49.528407,scan_blocks_output/B3_0451_0500/00010_0471nm.npy,0.3118777499999936,12.825538211687373
473,435.142363,435,50.178062,scan_blocks_output/B3_0451_0500/00011_0473nm.npy,0.2914520000000067,13.724386863016578
475,435.658516,435,50.694215,scan_blocks_output/B3_0451_0500/00012_0475nm.npy,0.6680157500000092,5.987882770728002
477,437.814426,439,52.850125,scan_blocks_output/B3_0451_0500/00013_0477nm.npy,0.6703265000000016,5.967241336870899
479,438.339822,439,53.375521,scan_blocks_output/B3_0451_0500/00014_0479nm.npy,0.45790374999999983,8.735460235912026
481,439.646041,441,54.68174,scan_blocks_output/B3_0451_0500/00015_0481nm.npy,0.4785254999999893,8.35901117077374
483,440.253924,441,55.289622,scan_blocks_output/B3_0451_0500/00016_0483nm.npy,0.27975899999999854,14.298020796471324
485,440.765077,441,55.800775,scan_blocks_output/B3_0451_0500/00017_0485nm.npy,0.2747312500000021,14.55968332688753
487,441.352849,441,56.388548,scan_blocks_output/B3_0451_0500/00018_0487nm.npy,0.3736467499999918,10.705298520594887
489,442.259664,441,57.295363,scan_blocks_output/B3_0451_0500/00019_0489nm.npy,0.41415575000000615,9.658202258449727
491,443.009472,441,58.045171,scan_blocks_output/B3_0451_0500/00020_0491nm.npy,0.39004425000000253,10.255246680344536
493,443.819841,441,58.85554,scan_blocks_output/B3_0451_0500/00021_0493nm.npy,0.42531424999999956,9.404810678222054
495,444.710729,441,59.746428,scan_blocks_output/B3_0451_0500/00022_0495nm.npy,0.4406672500000042,9.077143808621953
497,445.58251,441,60.618209,scan_blocks_output/B3_0451_0500/00023_0497nm.npy,0.5103494999999896,7.837766079912064
499,446.752127,441,61.787826,scan_blocks_output/B3_0451_0500/00024_0499nm.npy,0.4673204999999996,8.559436189938177
501,447.451792,441,62.487491,scan_blocks_output/B4_0501_0700/00000_0501nm.npy,0.3626447500000012,11.030078334237533
503,448.202706,441,63.238405,scan_blocks_output/B4_0501_0700/00001_0503nm.npy,0.1538850000000025,25.993436657243624
505,448.067332,441,63.103031,scan_blocks_output/B4_0501_0700/00002_0505nm.npy,0.8254155000000054,4.8460442044036895
507,451.504368,451,66.540067,scan_blocks_output/B4_0501_0700/00003_0507nm.npy,0.9823792499999939,4.07174724018247
509,451.996849,451,67.032548,scan_blocks_output/B4_0501_0700/00004_0509nm.npy,0.3652537499999937,10.95129071227898
511,452.965383,451,68.001081,scan_blocks_output/B4_0501_0700/00005_0511nm.npy,0.39420375000000263,10.147036906675732
513,453.573664,451,68.609363,scan_blocks_output/B4_0501_0700/00006_0513nm.npy,0.2905147499999998,13.768664069552415
515,454.127442,451,69.163141,scan_blocks_output/B4_0501_0700/00007_0515nm.npy,0.3647997500000031,10.964919795038144
517,455.032863,451,70.068562,scan_blocks_output/B4_0501_0700/00008_0517nm.npy,0.36467050000000256,10.968806086590421
519,455.586124,451,70.621823,scan_blocks_output/B4_0501_0700/00009_0519nm.npy,0.29743049999999016,13.448519906331503
521,456.222585,451,71.258284,scan_blocks_output/B4_0501_0700/00010_0521nm.npy,0.23579625000000703,16.963798194415222
523,456.529309,451,71.565008,scan_blocks_output/B4_0501_0700/00011_0523nm.npy,0.5174220000000105,7.73063379601161
525,458.292273,455,73.327972,scan_blocks_output/B4_0501_0700/00012_0525nm.npy,0.5362925000000018,7.458616333437417
527,458.674479,455,73.710178,scan_blocks_output/B4_0501_0700/00013_0527nm.npy,0.25491299999998773,15.691628124105842
529,459.311925,455,74.347624,scan_blocks_output/B4_0501_0700/00014_0529nm.npy,0.30150224999999864,13.266899334913813
531,459.880488,455,74.916187,scan_blocks_output/B4_0501_0700/00015_0531nm.npy,0.19665525000000628,20.340163814593673
533,460.098546,455,75.134245,scan_blocks_output/B4_0501_0700/00016_0533nm.npy,1.0201945000000023,3.920820980705141
535,463.961266,463,78.996965,scan_blocks_output/B4_0501_0700/00017_0535nm.npy,1.097954999999999,3.6431365584199753
537,464.490366,463,79.526065,scan_blocks_output/B4_0501_0700/00018_0537nm.npy,0.9065524999999894,4.412320301361528
539,467.587476,468,82.623175,scan_blocks_output/B4_0501_0700/00019_0539nm.npy,0.8866555000000034,4.511335011173996
541,468.036988,468,83.072687,scan_blocks_output/B4_0501_0700/00020_0541nm.npy,0.495375750000008,8.074678665639034
543,469.568979,470,84.604678,scan_blocks_output/B4_0501_0700/00021_0543nm.npy,0.5337820000000022,7.493695928300286
545,470.172116,470,85.207815,scan_blocks_output/B4_0501_0700/00022_0545nm.npy,0.2544824999999946,15.718173155325355
547,470.586909,470,85.622608,scan_blocks_output/B4_0501_0700/00023_0547nm.npy,0.21929424999999014,18.240332338856035
549,471.049293,470,86.084992,scan_blocks_output/B4_0501_0700/00024_0549nm.npy,0.23751124999999718,16.841307517012552
551,471.536954,470,86.572653,scan_blocks_output/B4_0501_0700/00025_0551nm.npy,0.2648882500000127,15.100707562528003
553,472.108846,470,87.144545,scan_blocks_output/B4_0501_0700/00026_0553nm.npy,0.2277152500000028,17.56579763542385
555,472.447815,470,87.483514,scan_blocks_output/B4_0501_0700/00027_0555nm.npy,0.8138042499999898,4.915186913806422
557,475.364063,475,90.399762,scan_blocks_output/B4_0501_0700/00028_0557nm.npy,0.9854030000000051,4.059252914797275
559,476.389427,476,91.425126,scan_blocks_output/B4_0501_0700/00029_0559nm.npy,0.3446472500000084,11.60606968429286
561,476.742652,476,91.778351,scan_blocks_output/B4_0501_0700/00030_0561nm.npy,0.18680700000000172,21.412473836633332
563,477.136655,476,92.172354,scan_blocks_output/B4_0501_0700/00031_0563nm.npy,0.18031175000000133,22.183801111130975
565,477.463899,476,92.499598,scan_blocks_output/B4_0501_0700/00032_0565nm.npy,0.2017442499999902,19.82708305193429
567,477.943632,476,92.979331,scan_blocks_output/B4_0501_0700/00033_0567nm.npy,0.22481874999999718,17.79211031108415
569,478.363174,476,93.398873,scan_blocks_output/B4_0501_0700/00034_0569nm.npy,0.18430150000000367,21.703567252572117
571,478.680838,476,93.716537,scan_blocks_output/B4_0501_0700/00035_0571nm.npy,0.14372000000000185,27.83189535207312
573,478.938054,476,93.973753,scan_blocks_output/B4_0501_0700/00036_0573nm.npy,0.1482845000000026,26.975172725402384
575,479.273976,476,94.309675,scan_blocks_output/B4_0501_0700/00037_0575nm.npy,0.1891029999999887,21.152493614592256
577,479.694466,476,94.730164,scan_blocks_output/B4_0501_0700/00038_0577nm.npy,0.16669974999999226,23.99523694546744
579,479.940775,476,94.976474,scan_blocks_output/B4_0501_0700/00039_0579nm.npy,0.11707300000000487,34.1667164931268
581,480.162758,476,95.198457,scan_blocks_output/B4_0501_0700/00040_0581nm.npy,0.8438492500000052,4.740183154751842
583,483.316172,481,98.35187,scan_blocks_output/B4_0501_0700/00041_0583nm.npy,0.848574499999998,4.713787652115411
585,483.557056,481,98.592755,scan_blocks_output/B4_0501_0700/00042_0585nm.npy,0.139351750000003,28.704339916792676
587,483.873579,481,98.909278,scan_blocks_output/B4_0501_0700/00043_0587nm.npy,0.1768177499999979,22.622163216080104
589,484.264327,481,99.300026,scan_blocks_output/B4_0501_0700/00044_0589nm.npy,0.14140449999999305,28.28764289679746
591,484.439197,481,99.474895,scan_blocks_output/B4_0501_0700/00045_0591nm.npy,0.11481725000000154,34.8379707752968
593,484.723596,481,99.759295,scan_blocks_output/B4_0501_0700/00046_0593nm.npy,0.1331935000000044,30.03149553093708
595,484.971971,481,100.00767,scan_blocks_output/B4_0501_0700/00047_0595nm.npy,0.118460749999997,33.76645851052016
597,485.197439,481,100.233137,scan_blocks_output/B4_0501_0700/00048_0597nm.npy,0.09881624999999872,40.479172200929014
599,485.367236,481,100.402935,scan_blocks_output/B4_0501_0700/00049_0599nm.npy,2.548900500000002,1.5693040979826387
601,495.393041,496,110.42874,scan_blocks_output/B4_0501_0700/00050_0601nm.npy,2.5508655000000005,1.5680952210142005
603,495.570698,496,110.606397,scan_blocks_output/B4_0501_0700/00051_0603nm.npy,0.12914025000000606,30.974076633735898
605,495.909602,496,110.945301,scan_blocks_output/B4_0501_0700/00052_0605nm.npy,0.1476235000000088,27.0959569445228
607,496.161192,496,111.196891,scan_blocks_output/B4_0501_0700/00053_0607nm.npy,0.14084850000000415,28.399308476837753
609,496.472996,496,111.508695,scan_blocks_output/B4_0501_0700/00054_0609nm.npy,0.12913399999999342,30.97557575851599
611,496.677728,496,111.713426,scan_blocks_output/B4_0501_0700/00055_0611nm.npy,0.11934549999999433,33.516135924690836
613,496.950378,496,111.986077,scan_blocks_output/B4_0501_0700/00056_0613nm.npy,0.1333125000000024,30.004688232535795
615,497.210978,496,112.246677,scan_blocks_output/B4_0501_0700/00057_0615nm.npy,0.10673724999999479,37.47520195620737
617,497.377327,496,112.413026,scan_blocks_output/B4_0501_0700/00058_0617nm.npy,0.11582724999999527,34.53418776669707
619,497.674287,496,112.709986,scan_blocks_output/B4_0501_0700/00059_0619nm.npy,0.12853325000000382,31.12035212678339
621,497.89146,496,112.927159,scan_blocks_output/B4_0501_0700/00060_0621nm.npy,0.12470899999999574,32.07466983136852
623,498.173123,496,113.208822,scan_blocks_output/B4_0501_0700/00061_0623nm.npy,0.10540575000000274,37.94859388600618
625,498.313083,496,113.348782,scan_blocks_output/B4_0501_0700/00062_0625nm.npy,0.08541625000000863,46.82949672924761
627,498.514788,496,113.550486,scan_blocks_output/B4_0501_0700/00063_0627nm.npy,0.1194474999999926,33.48751543565372
629,498.790873,496,113.826572,scan_blocks_output/B4_0501_0700/00064_0629nm.npy,0.09746425000000158,41.040689278375766
631,498.904645,496,113.940344,scan_blocks_output/B4_0501_0700/00065_0631nm.npy,0.10607525000000351,37.70907916785365
633,499.215174,496,114.250873,scan_blocks_output/B4_0501_0700/00066_0633nm.npy,0.1039519999999925,38.47929813760475
635,499.320453,496,114.356152,scan_blocks_output/B4_0501_0700/00067_0635nm.npy,0.05368250000000785,74.51217808409473
637,499.429904,496,114.465603,scan_blocks_output/B4_0501_0700/00068_0637nm.npy,0.1052562499999965,38.002493913664345
639,499.741478,496,114.777177,scan_blocks_output/B4_0501_0700/00069_0639nm.npy,0.06822024999999599,58.633616851304936
641,499.702785,496,114.738483,scan_blocks_output/B4_0501_0700/00070_0641nm.npy,0.04616700000001117,86.64197370414001
643,499.926146,496,114.961844,scan_blocks_output/B4_0501_0700/00071_0643nm.npy,0.08814350000000104,45.3805442261761
645,500.055359,496,115.091058,scan_blocks_output/B4_0501_0700/00072_0645nm.npy,0.08646124999999927,46.26349954459407
647,500.271991,496,115.30769,scan_blocks_output/B4_0501_0700/00073_0647nm.npy,0.10043174999999849,39.8280424268228
649,500.457086,496,115.492785,scan_blocks_output/B4_0501_0700/00074_0649nm.npy,0.1281800000000004,31.206116398814068
651,500.784711,496,115.820409,scan_blocks_output/B4_0501_0700/00075_0651nm.npy,0.06407600000000002,62.425869280229705
653,500.71339,496,115.749089,scan_blocks_output/B4_0501_0700/00076_0653nm.npy,0.01917324999999437,208.62399436721344
655,500.861404,496,115.897103,scan_blocks_output/B4_0501_0700/00077_0655nm.npy,0.07466150000000482,53.57513577948128
657,501.012036,496,116.047735,scan_blocks_output/B4_0501_0700/00078_0657nm.npy,0.0868224999999967,46.07100693944717
659,501.208694,496,116.244393,scan_blocks_output/B4_0501_0700/00079_0659nm.npy,0.1045487499999922,38.25966355408648
661,501.430231,496,116.46593,scan_blocks_output/B4_0501_0700/00080_0661nm.npy,0.037941250000002924,105.42615227489057
663,501.360459,496,116.396158,scan_blocks_output/B4_0501_0700/00081_0663nm.npy,0.014982750000001488,266.9736864060071
665,501.490162,496,116.525861,scan_blocks_output/B4_0501_0700/00082_0665nm.npy,0.08726425000000404,45.83778580575453
667,501.709516,496,116.745215,scan_blocks_output/B4_0501_0700/00083_0667nm.npy,0.09175575000000435,43.593998196296255
669,501.857185,496,116.892884,scan_blocks_output/B4_0501_0700/00084_0669nm.npy,0.6962622500000037,5.744961758302964
671,504.494565,500,119.530264,scan_blocks_output/B4_0501_0700/00085_0671nm.npy,0.001499249999994845,2668.0006670093403
673,501.863182,496,116.898881,scan_blocks_output/B4_0501_0700/00086_0673nm.npy,0.03594874999998865,111.26951562992491
675,504.63836,500,119.674058,scan_blocks_output/B4_0501_0700/00087_0675nm.npy,0.5130332500000065,7.796765609246474
677,503.915315,499,118.951013,scan_blocks_output/B4_0501_0700/00088_0677nm.npy,0.0026057500000007394,1535.0666794584533
679,504.648783,500,119.684482,scan_blocks_output/B4_0501_0700/00089_0679nm.npy,0.22579249999999718,17.715380271709865
681,504.818485,500,119.854184,scan_blocks_output/B4_0501_0700/00090_0681nm.npy,-0.10693200000000047,37.406950211349105
683,504.221055,499,119.256754,scan_blocks_output/B4_0501_0700/00091_0683nm.npy,-0.1303302500000001,30.691263156481302
685,504.297164,499,119.332863,scan_blocks_output/B4_0501_0700/00092_0685nm.npy,0.028890750000002186,138.45261891780925
687,504.336618,499,119.372316,scan_blocks_output/B4_0501_0700/00093_0687nm.npy,0.20656974999999989,19.363919450936073
689,505.123443,500,120.159142,scan_blocks_output/B4_0501_0700/00094_0689nm.npy,0.06744849999999758,59.30450640118229
691,504.606412,499,119.642111,scan_blocks_output/B4_0501_0700/00095_0691nm.npy,0.0004220000000003665,9478.672985773757
693,505.125131,500,120.16083,scan_blocks_output/B4_0501_0700/00096_0693nm.npy,-0.013197749999989128,303.08196472908605
695,504.553621,499,119.58932,scan_blocks_output/B4_0501_0700/00097_0695nm.npy,-0.1245212500000008,32.1230312095323
697,504.627046,499,119.662745,scan_blocks_output/B4_0501_0700/00098_0697nm.npy,0.0390664999999899,102.38951531365835
699,504.709887,499,119.745586,scan_blocks_output/B4_0501_0700/00099_0699nm.npy,1.7840175000000045,2.242130472374845
701,511.763116,510,126.798815,scan_blocks_output/B5_0701_1000/00000_0701nm.npy,3.182005750000002,1.2570687529398705
703,517.43791,518,132.473609,scan_blocks_output/B5_0701_1000/00001_0703nm.npy,-3.722655500000002,1.074501790455764
705,496.872494,496,111.908192,scan_blocks_output/B5_0701_1000/00002_0705nm.npy,0.5193267500000047,7.702279922996387
707,519.515217,518,134.550915,scan_blocks_output/B5_0701_1000/00003_0707nm.npy,5.662414999999996,0.7064123699870114
709,519.522154,518,134.557853,scan_blocks_output/B5_0701_1000/00004_0709nm.npy,0.04487524999998982,89.13599367136467
711,519.694718,518,134.730417,scan_blocks_output/B5_0701_1000/00005_0711nm.npy,0.10153475000001322,39.3953794144318
713,519.928293,518,134.963992,scan_blocks_output/B5_0701_1000/00006_0713nm.npy,0.04456874999999627,89.74898331230592
715,519.872993,518,134.908692,scan_blocks_output/B5_0701_1000/00007_0715nm.npy,0.033131249999996726,120.73193737031941
717,520.060818,518,135.096517,scan_blocks_output/B5_0701_1000/00008_0717nm.npy,0.06824100000000044,58.6157881625412
719,520.145957,518,135.181656,scan_blocks_output/B5_0701_1000/00009_0719nm.npy,0.04577249999999822,87.38871593205867
721,520.243908,518,135.279606,scan_blocks_output/B5_0701_1000/00010_0721nm.npy,0.09129775000002383,43.81268979792992
723,520.511148,518,135.546847,scan_blocks_output/B5_0701_1000/00011_0723nm.npy,5.583664749999997,0.7163753876878088
725,542.578567,550,157.614266,scan_blocks_output/B5_0701_1000/00012_0725nm.npy,5.549120999999985,0.7208348853809479
727,542.707632,550,157.743331,scan_blocks_output/B5_0701_1000/00013_0727nm.npy,0.05494375000000673,72.80172904105581
729,542.798342,550,157.834041,scan_blocks_output/B5_0701_1000/00014_0729nm.npy,0.04828649999998902,82.83888871632671
731,542.900778,550,157.936477,scan_blocks_output/B5_0701_1000/00015_0731nm.npy,0.07208999999997445,55.48619780831485
733,543.086702,550,158.122401,scan_blocks_output/B5_0701_1000/00016_0733nm.npy,0.060844250000002376,65.74162718744735
735,543.144155,550,158.179854,scan_blocks_output/B5_0701_1000/00017_0735nm.npy,0.022253750000004402,179.74498679994198
737,543.175717,550,158.211415,scan_blocks_output/B5_0701_1000/00018_0737nm.npy,0.04784150000000409,83.60941860099825
739,543.335521,550,158.37122,scan_blocks_output/B5_0701_1000/00019_0739nm.npy,0.06374999999999886,62.745098039216806
741,543.430717,550,158.466416,scan_blocks_output/B5_0701_1000/00020_0741nm.npy,0.04473799999999528,89.40945057893562
743,543.514473,550,158.550171,scan_blocks_output/B5_0701_1000/00021_0743nm.npy,0.05801275000001738,68.95036005014073
745,543.662768,550,158.698467,scan_blocks_output/B5_0701_1000/00022_0745nm.npy,0.04384450000000584,91.23151136401299
747,543.689851,550,158.72555,scan_blocks_output/B5_0701_1000/00023_0747nm.npy,0.013081749999997783,305.7694880272653
749,543.715095,550,158.750794,scan_blocks_output/B5_0701_1000/00024_0749nm.npy,-0.006214249999999311,643.6818602406476
751,543.664994,550,158.700692,scan_blocks_output/B5_0701_1000/00025_0751nm.npy,0.036648999999982834,109.14349641195868
753,543.861691,550,158.89739,scan_blocks_output/B5_0701_1000/00026_0753nm.npy,0.07427200000000767,53.856096510119386
755,543.962082,550,158.997781,scan_blocks_output/B5_0701_1000/00027_0755nm.npy,0.053018750000006776,75.44500766237395
757,544.073766,550,159.109465,scan_blocks_output/B5_0701_1000/00028_0757nm.npy,0.06753199999999993,59.231179292779785
759,544.23221,550,159.267909,scan_blocks_output/B5_0701_1000/00029_0759nm.npy,0.054738500000013346,73.07470975636937
761,544.29272,550,159.328419,scan_blocks_output/B5_0701_1000/00030_0761nm.npy,0.06360624999999231,62.88690183748426
763,544.486635,550,159.522334,scan_blocks_output/B5_0701_1000/00031_0763nm.npy,0.06175974999999312,64.7671015507745
765,544.539759,550,159.575458,scan_blocks_output/B5_0701_1000/00032_0765nm.npy,0.038883249999997815,102.87205930574797
767,544.642168,550,159.677866,scan_blocks_output/B5_0701_1000/00033_0767nm.npy,0.05328025000000025,75.07472281004652
769,544.75288,550,159.788579,scan_blocks_output/B5_0701_1000/00034_0769nm.npy,0.057092250000010836,70.0620487018683
771,544.870537,550,159.906236,scan_blocks_output/B5_0701_1000/00035_0771nm.npy,0.08806025000001227,45.42344587937738
773,545.105121,550,160.14082,scan_blocks_output/B5_0701_1000/00036_0773nm.npy,0.08389349999998785,47.67949841168361
775,545.206111,550,160.24181,scan_blocks_output/B5_0701_1000/00037_0775nm.npy,0.10928399999997396,36.601881336709425
777,545.542257,550,160.577955,scan_blocks_output/B5_0701_1000/00038_0777nm.npy,0.14118025000001921,28.332574846690353
779,545.770832,550,160.806531,scan_blocks_output/B5_0701_1000/00039_0779nm.npy,0.10385425000001192,38.51551573478737
781,545.957674,550,160.993372,scan_blocks_output/B5_0701_1000/00040_0781nm.npy,0.09592099999997572,41.700983100687154
783,546.154516,550,161.190215,scan_blocks_output/B5_0701_1000/00041_0783nm.npy,0.11142624999999384,35.898183776266556
785,546.403379,550,161.439077,scan_blocks_output/B5_0701_1000/00042_0785nm.npy,0.08279925000002208,48.309616331052915
787,546.485713,550,161.521412,scan_blocks_output/B5_0701_1000/00043_0787nm.npy,0.06633874999999989,60.296583821672954
789,546.668734,550,161.704433,scan_blocks_output/B5_0701_1000/00044_0789nm.npy,0.053581249999979264,74.65298028697629
791,546.700038,550,161.735737,scan_blocks_output/B5_0701_1000/00045_0791nm.npy,0.05575799999999731,71.73858459772934
793,546.891766,550,161.927465,scan_blocks_output/B5_0701_1000/00046_0793nm.npy,0.04404550000000995,90.81517975727591
795,546.87622,550,161.911919,scan_blocks_output/B5_0701_1000/00047_0795nm.npy,0.022769250000010288,175.67552730099553
797,546.982843,550,162.018542,scan_blocks_output/B5_0701_1000/00048_0797nm.npy,0.05181225000001177,77.20182003288973
799,547.083469,550,162.119168,scan_blocks_output/B5_0701_1000/00049_0799nm.npy,-0.0005350000000134969,7476.635513830072
801,546.980703,550,162.016402,scan_blocks_output/B5_0701_1000/00050_0801nm.npy,0.008454000000000406,473.1488052992439
803,547.117285,550,162.152984,scan_blocks_output/B5_0701_1000/00051_0803nm.npy,0.039887000000021544,100.28330032335948
805,547.140251,550,162.17595,scan_blocks_output/B5_0701_1000/00052_0805nm.npy,0.050482749999986254,79.2349862081818
807,547.319216,550,162.354914,scan_blocks_output/B5_0701_1000/00053_0807nm.npy,0.020462999999978138,195.47475932191142
809,547.222103,550,162.257802,scan_blocks_output/B5_0701_1000/00054_0809nm.npy,-0.026817749999992202,149.15494402032843
811,547.211945,550,162.247644,scan_blocks_output/B5_0701_1000/00055_0811nm.npy,0.0212637500000028,188.11357357001813
813,547.307158,550,162.342857,scan_blocks_output/B5_0701_1000/00056_0813nm.npy,0.058453499999984615,68.43046182009722
815,547.445759,550,162.481458,scan_blocks_output/B5_0701_1000/00057_0815nm.npy,0.04248000000001184,94.16195856871198
817,547.477078,550,162.512777,scan_blocks_output/B5_0701_1000/00058_0817nm.npy,0.05072200000000748,78.8612436418006
819,547.648647,550,162.684345,scan_blocks_output/B5_0701_1000/00059_0819nm.npy,0.06799724999999057,58.82590840071554
821,547.749067,550,162.784766,scan_blocks_output/B5_0701_1000/00060_0821nm.npy,0.04552875000001677,87.85657414267966
823,547.830762,550,162.866461,scan_blocks_output/B5_0701_1000/00061_0823nm.npy,0.06010100000000307,66.55463303438871
825,547.989471,550,163.025169,scan_blocks_output/B5_0701_1000/00062_0825nm.npy,0.09401874999997517,42.54470517849957
827,548.206837,550,163.242536,scan_blocks_output/B5_0701_1000/00063_0827nm.npy,0.11421100000001161,35.02289621839922
829,548.446315,550,163.482013,scan_blocks_output/B5_0701_1000/00064_0829nm.npy,6.693627000000021,0.5975833430814098
831,574.981345,582,190.017044,scan_blocks_output/B5_0701_1000/00065_0831nm.npy,6.648539499999998,0.6016358931160748
833,575.040473,582,190.076172,scan_blocks_output/B5_0701_1000/00066_0833nm.npy,0.05760349999999903,69.44022498633012
835,575.211759,582,190.247458,scan_blocks_output/B5_0701_1000/00067_0835nm.npy,0.10039075000000253,39.84430836506251
837,575.442036,582,190.477735,scan_blocks_output/B5_0701_1000/00068_0837nm.npy,0.7741577500000005,5.166905582227908
839,578.30839,585,193.344089,scan_blocks_output/B5_0701_1000/00069_0839nm.npy,0.7915079999999932,5.053644435684838
841,578.608068,585,193.643767,scan_blocks_output/B5_0701_1000/00070_0841nm.npy,0.18540149999998334,21.574798477899904
843,579.049996,585,194.085694,scan_blocks_output/B5_0701_1000/00071_0843nm.npy,0.12758725000000481,31.351095034965084
845,579.118417,585,194.154116,scan_blocks_output/B5_0701_1000/00072_0845nm.npy,0.49651675000001205,8.056122980745167
847,581.036063,587,196.071762,scan_blocks_output/B5_0701_1000/00073_0847nm.npy,0.7804059999999993,5.125537220369915
849,582.240041,588,197.275739,scan_blocks_output/B5_0701_1000/00074_0849nm.npy,0.3738552499999912,10.699328149063291
851,582.531484,588,197.567182,scan_blocks_output/B5_0701_1000/00075_0851nm.npy,0.3441739999999811,11.622028392616
853,583.616737,589,198.652436,scan_blocks_output/B5_0701_1000/00076_0853nm.npy,0.3244287500000098,12.329363535136387
855,583.829199,589,198.864898,scan_blocks_output/B5_0701_1000/00077_0855nm.npy,0.494310750000011,8.092075683160665
857,585.59398,591,200.629679,scan_blocks_output/B5_0701_1000/00078_0857nm.npy,0.7237742499999911,5.5265851196005515
859,586.724296,592,201.759995,scan_blocks_output/B5_0701_1000/00079_0859nm.npy,0.35247724999999264,11.348250135292657
861,587.003889,592,202.039587,scan_blocks_output/B5_0701_1000/00080_0861nm.npy,0.1184910000000059,33.75783814804332
863,587.19826,592,202.233959,scan_blocks_output/B5_0701_1000/00081_0863nm.npy,0.12714325000001736,31.4605769476512
865,587.512462,592,202.548161,scan_blocks_output/B5_0701_1000/00082_0865nm.npy,0.16301325000000588,24.537882656777015
867,587.850313,592,202.886012,scan_blocks_output/B5_0701_1000/00083_0867nm.npy,0.11387449999998012,35.12638913892661
869,587.96796,592,203.003659,scan_blocks_output/B5_0701_1000/00084_0869nm.npy,0.6562495000000013,6.095242739232551
871,590.475311,595,205.511009,scan_blocks_output/B5_0701_1000/00085_0871nm.npy,0.6747747500000116,5.927904089475682
873,590.667059,595,205.702758,scan_blocks_output/B5_0701_1000/00086_0873nm.npy,0.11146274999998695,35.886428425644155
875,590.921162,595,205.95686,scan_blocks_output/B5_0701_1000/00087_0875nm.npy,0.13111125000000357,30.508442258005253
877,591.191504,595,206.227202,scan_blocks_output/B5_0701_1000/00088_0877nm.npy,0.11346324999999524,35.253705494952484
879,591.375015,595,206.410714,scan_blocks_output/B5_0701_1000/00089_0879nm.npy,0.09060850000000187,44.14596864532486
881,591.553938,595,206.589637,scan_blocks_output/B5_0701_1000/00090_0881nm.npy,0.09591224999999781,41.70478744894517
883,591.758664,595,206.794362,scan_blocks_output/B5_0701_1000/00091_0883nm.npy,0.09803999999999746,40.79967360261224
885,591.946098,595,206.981797,scan_blocks_output/B5_0701_1000/00092_0885nm.npy,0.0945552500000133,42.30330944077074
887,592.136885,595,207.172584,scan_blocks_output/B5_0701_1000/00093_0887nm.npy,0.07941925000000083,50.365622944059005
889,592.263775,595,207.299473,scan_blocks_output/B5_0701_1000/00094_0889nm.npy,0.10122599999999693,39.51553948590403
891,592.541789,595,207.577488,scan_blocks_output/B5_0701_1000/00095_0891nm.npy,0.12265974999999685,32.61053442551532
893,592.754414,595,207.790113,scan_blocks_output/B5_0701_1000/00096_0893nm.npy,0.10926200000000108,36.609251157767204
895,592.978837,595,208.014536,scan_blocks_output/B5_0701_1000/00097_0895nm.npy,0.2749282499999879,14.549250577196691
897,593.854127,596,208.889826,scan_blocks_output/B5_0701_1000/00098_0897nm.npy,0.28294950000000085,14.136798262587451
899,594.110635,596,209.146334,scan_blocks_output/B5_0701_1000/00099_0899nm.npy,0.134250250000008,29.79510280241386
901,594.391128,596,209.426827,scan_blocks_output/B5_0701_1000/00100_0901nm.npy,0.14094074999999862,28.38072026720476
903,594.674398,596,209.710097,scan_blocks_output/B5_0701_1000/00101_0903nm.npy,0.10940325000001394,36.56198513297814
905,594.828741,596,209.86444,scan_blocks_output/B5_0701_1000/00102_0905nm.npy,0.558862750000003,7.157392400906983
907,596.909849,599,211.945548,scan_blocks_output/B5_0701_1000/00103_0907nm.npy,0.7117667499999811,5.619818571182352
909,597.675808,600,212.711507,scan_blocks_output/B5_0701_1000/00104_0909nm.npy,0.24721374999998602,16.18032977534715
911,597.898704,600,212.934402,scan_blocks_output/B5_0701_1000/00105_0911nm.npy,-0.046319749999980786,86.35625192281174
913,597.490529,600,212.526228,scan_blocks_output/B5_0701_1000/00106_0913nm.npy,-0.06957449999998744,57.492328367443854
915,597.620406,600,212.656105,scan_blocks_output/B5_0701_1000/00107_0915nm.npy,0.0026272499999890897,1522.504519941616
917,597.501038,600,212.536737,scan_blocks_output/B5_0701_1000/00108_0917nm.npy,-0.08675249999998869,46.108181320429054
919,597.273396,600,212.309095,scan_blocks_output/B5_0701_1000/00109_0919nm.npy,0.013192750000001752,303.1968315930696
921,597.553809,600,212.589508,scan_blocks_output/B5_0701_1000/00110_0921nm.npy,-0.20272800000000757,19.7308709206417
923,596.462484,600,211.498183,scan_blocks_output/B5_0701_1000/00111_0923nm.npy,-0.36185925000000907,11.054021694899053
925,596.106372,600,211.142071,scan_blocks_output/B5_0701_1000/00112_0925nm.npy,-0.10400025000001278,38.46144600613468
927,596.046483,601,211.082182,scan_blocks_output/B5_0701_1000/00113_0927nm.npy,0.07646925000000238,52.30860770832558
929,596.412249,605,211.447948,scan_blocks_output/B5_0701_1000/00114_0929nm.npy,0.3143790000000024,12.723496162275373
931,597.303999,606,212.339698,scan_blocks_output/B5_0701_1000/00115_0931nm.npy,0.40958125000000223,9.766072055300329
933,598.050574,605,213.086273,scan_blocks_output/B5_0701_1000/00116_0933nm.npy,0.6458140000000014,6.193733799515017
935,599.887255,608,214.922954,scan_blocks_output/B5_0701_1000/00117_0935nm.npy,1.130977999999999,3.536761988296858
937,602.574486,608,217.610185,scan_blocks_output/B5_0701_1000/00118_0937nm.npy,0.957589750000011,4.177154151869267
939,603.717614,608,218.753312,scan_blocks_output/B5_0701_1000/00119_0939nm.npy,0.4066187500000069,9.837224672988965
941,604.200961,608,219.23666,scan_blocks_output/B5_0701_1000/00120_0941nm.npy,0.5128159999999866,7.800068640604241
943,605.768878,608,220.804577,scan_blocks_output/B5_0701_1000/00121_0943nm.npy,0.5231147499999906,7.646505857462577
945,606.29342,608,221.329119,scan_blocks_output/B5_0701_1000/00122_0945nm.npy,0.2025762499999928,19.74565132882133
947,606.579183,608,221.614882,scan_blocks_output/B5_0701_1000/00123_0947nm.npy,0.15869850000001406,25.205027142661372
949,606.928214,608,221.963912,scan_blocks_output/B5_0701_1000/00124_0949nm.npy,0.12926675000002774,30.943765508138338
951,607.09625,608,222.131949,scan_blocks_output/B5_0701_1000/00125_0951nm.npy,0.11578299999999331,34.547386058404356
953,607.391346,608,222.427044,scan_blocks_output/B5_0701_1000/00126_0953nm.npy,0.10175674999999273,39.30943156105404
955,607.503277,608,222.538976,scan_blocks_output/B5_0701_1000/00127_0955nm.npy,0.05565525000000093,71.87102744125546
957,607.613967,608,222.649666,scan_blocks_output/B5_0701_1000/00128_0957nm.npy,0.08736849999999663,45.783091159859154
959,607.852751,608,222.88845,scan_blocks_output/B5_0701_1000/00129_0959nm.npy,0.08647450000000845,46.25641084943665
961,607.959865,608,222.995564,scan_blocks_output/B5_0701_1000/00130_0961nm.npy,0.055461750000006305,72.12177762150573
963,608.074598,608,223.110296,scan_blocks_output/B5_0701_1000/00131_0963nm.npy,0.0894847499999969,44.70035397092956
965,608.317804,608,223.353502,scan_blocks_output/B5_0701_1000/00132_0965nm.npy,0.08434799999997722,47.422582633863044
967,608.41199,608,223.447689,scan_blocks_output/B5_0701_1000/00133_0967nm.npy,0.04869725000000358,82.14016191878815
969,608.512593,608,223.548292,scan_blocks_output/B5_0701_1000/00134_0969nm.npy,0.08441150000001585,47.38690818193314
971,608.749636,608,223.785335,scan_blocks_output/B5_0701_1000/00135_0971nm.npy,0.08932924999999159,44.778166166181585
973,608.86991,608,223.905609,scan_blocks_output/B5_0701_1000/00136_0973nm.npy,0.06577500000000214,60.813378943365564
975,609.012736,609,224.048435,scan_blocks_output/B5_0701_1000/00137_0975nm.npy,0.09677249999998594,41.334056679331226
977,609.257,609,224.292699,scan_blocks_output/B5_0701_1000/00138_0977nm.npy,0.08664974999999231,46.16285678839645
979,609.359335,609,224.395034,scan_blocks_output/B5_0701_1000/00139_0979nm.npy,0.05371125000002053,74.47229397935202
981,609.471845,610,224.507544,scan_blocks_output/B5_0701_1000/00140_0981nm.npy,0.05620974999999362,71.16203149810227
983,609.584174,610,224.619873,scan_blocks_output/B5_0701_1000/00141_0983nm.npy,0.09714199999999096,41.176833913244245
985,609.860413,610,224.896112,scan_blocks_output/B5_0701_1000/00142_0985nm.npy,0.09849300000001904,40.61202318945739
987,609.978146,610,225.013845,scan_blocks_output/B5_0701_1000/00143_0987nm.npy,0.09079600000001165,44.05480417638979
989,610.223597,610,225.259296,scan_blocks_output/B5_0701_1000/00144_0989nm.npy,0.08999799999998004,44.44543212072365
991,610.338138,611,225.373837,scan_blocks_output/B5_0701_1000/00145_0991nm.npy,0.06323299999999676,63.258108898837705
993,610.476529,611,225.512227,scan_blocks_output/B5_0701_1000/00146_0993nm.npy,0.06708249999999794,59.62806991391381
995,610.606468,611,225.642167,scan_blocks_output/B5_0701_1000/00147_0995nm.npy,0.06167524999997909,64.85583763343247
997,610.72323,611,225.758928,scan_blocks_output/B5_0701_1000/00148_0997nm.npy,0.09462275000001341,42.27313198992243
999,610.984959,611,226.020658,scan_blocks_output/B5_0701_1000/00149_0999nm.npy,0.12744175000000268,31.38688851965636
1001,611.232997,611,226.268696,scan_blocks_output/B6_1001_1300/00000_1001nm.npy,0.0990524999999991,40.38262537543259
1003,611.381169,611,226.416867,scan_blocks_output/B6_1001_1300/00001_1003nm.npy,-0.0001790000000028158,22346.368714732274
1005,611.232281,611,226.267979,scan_blocks_output/B6_1001_1300/00002_1005nm.npy,-0.0037257500000009713,1073.6093404009816
1007,611.366266,611,226.401965,scan_blocks_output/B6_1001_1300/00003_1007nm.npy,0.09312950000000342,42.95094465233737
1009,611.604799,611,226.640498,scan_blocks_output/B6_1001_1300/00004_1009nm.npy,0.12037774999998874,33.228732053891804
1011,611.847777,611,226.883476,scan_blocks_output/B6_1001_1300/00005_1011nm.npy,0.09074350000000209,44.08029225233662
1013,611.967773,612,227.003472,scan_blocks_output/B6_1001_1300/00006_1013nm.npy,0.05632975000000329,71.01043409565578
1015,612.073096,612,227.108795,scan_blocks_output/B6_1001_1300/00007_1015nm.npy,0.09213049999999612,43.41667525955214
1017,612.336295,612,227.371994,scan_blocks_output/B6_1001_1300/00008_1017nm.npy,0.08937025000000176,44.75762348208628
1019,612.430577,612,227.466276,scan_blocks_output/B6_1001_1300/00009_1019nm.npy,0.04990175000000363,80.15750950617381
1021,612.535902,612,227.571601,scan_blocks_output/B6_1001_1300/00010_1021nm.npy,0.04918250000000057,81.32974126975964
1023,612.627307,612,227.663006,scan_blocks_output/B6_1001_1300/00011_1023nm.npy,0.09662300000002233,41.39801082557026
1025,612.922394,613,227.958093,scan_blocks_output/B6_1001_1300/00012_1025nm.npy,0.13143250000001672,30.43387290053443
1027,613.153037,613,228.188736,scan_blocks_output/B6_1001_1300/00013_1027nm.npy,0.06336299999998118,63.12832410083468
1029,613.175846,613,228.211544,scan_blocks_output/B6_1001_1300/00014_1029nm.npy,0.08978049999998916,44.55310451601944
1031,613.512159,613,228.547858,scan_blocks_output/B6_1001_1300/00015_1031nm.npy,0.12337225000001695,32.42220191331074
1033,613.669335,613,228.705034,scan_blocks_output/B6_1001_1300/00016_1033nm.npy,0.12136050000000864,32.95965326444531
1035,613.997601,613,229.0333,scan_blocks_output/B6_1001_1300/00017_1035nm.npy,0.1252099999999814,31.946330165327005
1037,614.170175,614,229.205874,scan_blocks_output/B6_1001_1300/00018_1037nm.npy,0.1044379999999876,38.30023554645316
1039,614.415353,614,229.451052,scan_blocks_output/B6_1001_1300/00019_1039nm.npy,0.08884925000000976,45.020076140198825
1041,614.525572,614,229.561271,scan_blocks_output/B6_1001_1300/00020_1041nm.npy,0.05356274999999755,74.67876462653958
1043,614.629604,615,229.665302,scan_blocks_output/B6_1001_1300/00021_1043nm.npy,0.08559950000000072,46.72924491381336
1045,614.86797,615,229.903669,scan_blocks_output/B6_1001_1300/00022_1045nm.npy,0.08423974999999473,47.48352173410119
1047,614.966563,615,230.002262,scan_blocks_output/B6_1001_1300/00023_1047nm.npy,0.05027250000000549,79.56636331989782
1049,615.06906,615,230.104759,scan_blocks_output/B6_1001_1300/00024_1049nm.npy,0.051694500000024846,77.3776707386294
1051,615.173341,616,230.20904,scan_blocks_output/B6_1001_1300/00025_1051nm.npy,0.05070324999999798,78.89040643351579
1053,615.271873,616,230.307572,scan_blocks_output/B6_1001_1300/00026_1053nm.npy,0.08037124999998468,49.7690405462247
1055,615.494826,616,230.530524,scan_blocks_output/B6_1001_1300/00027_1055nm.npy,0.08273099999999545,48.34946996893812
1057,615.602797,616,230.638496,scan_blocks_output/B6_1001_1300/00028_1057nm.npy,0.058058750000014925,68.89573061767557
1059,615.727061,616,230.76276,scan_blocks_output/B6_1001_1300/00029_1059nm.npy,0.0934985000000097,42.781434996278925
1061,615.976791,616,231.01249,scan_blocks_output/B6_1001_1300/00030_1061nm.npy,0.08347749999998655,47.91710341110652
1063,616.060971,616,231.09667,scan_blocks_output/B6_1001_1300/00031_1063nm.npy,0.03378649999999084,118.39048140532712
1065,616.111937,616,231.147636,scan_blocks_output/B6_1001_1300/00032_1065nm.npy,0.07908175000000028,50.580570106250626
1067,616.377298,616,231.412997,scan_blocks_output/B6_1001_1300/00033_1067nm.npy,0.094691250000011,42.24255145010268
1069,616.490702,616,231.5264,scan_blocks_output/B6_1001_1300/00034_1069nm.npy,0.05137375000001043,77.86077520132729
1071,616.582793,616,231.618492,scan_blocks_output/B6_1001_1300/00035_1071nm.npy,0.04762424999998416,83.99082400250566
1073,616.681199,616,231.716898,scan_blocks_output/B6_1001_1300/00036_1073nm.npy,0.08089899999998806,49.44436890444369
1075,616.906389,616,231.942087,scan_blocks_output/B6_1001_1300/00037_1075nm.npy,0.08208550000000514,48.72967820138452
1077,617.009541,616,232.04524,scan_blocks_output/B6_1001_1300/00038_1077nm.npy,0.046185750000006465,86.60679971635061
1079,617.091132,616,232.126831,scan_blocks_output/B6_1001_1300/00039_1079nm.npy,0.04842725000000314,82.59812399010352
1081,617.20325,616,232.238949,scan_blocks_output/B6_1001_1300/00040_1081nm.npy,0.08398249999999052,47.62897032120324
1083,617.427062,616,232.462761,scan_blocks_output/B6_1001_1300/00041_1083nm.npy,0.07910074999998074,50.56842065341952
1085,617.519653,617,232.555352,scan_blocks_output/B6_1001_1300/00042_1085nm.npy,0.0816592500000013,48.98404038734052
1087,617.753699,618,232.789398,scan_blocks_output/B6_1001_1300/00043_1087nm.npy,0.08009950000001709,49.937889749613255
1089,617.840051,618,232.87575,scan_blocks_output/B6_1001_1300/00044_1089nm.npy,0.04714075000001117,84.85227748814036
1091,617.942262,618,232.977961,scan_blocks_output/B6_1001_1300/00045_1091nm.npy,0.051963250000000016,76.97747927621923
1093,618.047904,618,233.083603,scan_blocks_output/B6_1001_1300/00046_1093nm.npy,0.04584825000000592,87.24433320790834
1095,618.125655,618,233.161354,scan_blocks_output/B6_1001_1300/00047_1095nm.npy,0.04198349999998641,95.2755249086259
1097,618.215838,618,233.251537,scan_blocks_output/B6_1001_1300/00048_1097nm.npy,0.07462624999999434,53.60044220365224
1099,618.42416,618,233.459859,scan_blocks_output/B6_1001_1300/00049_1099nm.npy,0.07029575000001387,56.90244431561241
1101,618.497021,618,233.53272,scan_blocks_output/B6_1001_1300/00050_1101nm.npy,0.08555974999998739,46.750954742160765
1103,618.766399,618,233.802098,scan_blocks_output/B6_1001_1300/00051_1103nm.npy,0.08920899999998255,44.83852526091294
1105,618.853857,619,233.889556,scan_blocks_output/B6_1001_1300/00052_1105nm.npy,0.04663200000001666,85.77800651909784
1107,618.952927,619,233.988626,scan_blocks_output/B6_1001_1300/00053_1107nm.npy,0.04662500000000591,85.79088471848779
1109,619.040357,619,234.076056,scan_blocks_output/B6_1001_1300/00054_1109nm.npy,0.04538924999999949,88.12659385206948
1111,619.134484,619,234.170182,scan_blocks_output/B6_1001_1300/00055_1111nm.npy,0.08356975000000944,47.86420923838528
1113,619.374636,619,234.410335,scan_blocks_output/B6_1001_1300/00056_1113nm.npy,0.08820499999998788,45.34890312341194
1115,619.487304,619,234.523003,scan_blocks_output/B6_1001_1300/00057_1115nm.npy,0.050847750000002634,78.66621433593016
1117,619.578027,619,234.613725,scan_blocks_output/B6_1001_1300/00058_1117nm.npy,0.046413499999999885,86.18182209917394
1119,619.672958,619,234.708656,scan_blocks_output/B6_1001_1300/00059_1119nm.npy,0.05078574999998864,78.76225122206317
1121,619.78117,620,234.816869,scan_blocks_output/B6_1001_1300/00060_1121nm.npy,0.0838435000000004,47.70793204005058
1123,620.008332,620,235.044031,scan_blocks_output/B6_1001_1300/00061_1123nm.npy,0.11151599999999462,35.86929229886467
1125,620.227234,620,235.262933,scan_blocks_output/B6_1001_1300/00062_1125nm.npy,0.08349125000000868,47.9092120431732
1127,620.342297,620,235.377996,scan_blocks_output/B6_1001_1300/00063_1127nm.npy,0.05188625000002389,77.09171504971275
1129,620.434779,620,235.470478,scan_blocks_output/B6_1001_1300/00064_1129nm.npy,0.04543150000000651,88.04463863177371
1131,620.524023,620,235.559722,scan_blocks_output/B6_1001_1300/00065_1131nm.npy,0.0751989999999978,53.19219670474497
1133,620.735575,620,235.771274,scan_blocks_output/B6_1001_1300/00066_1133nm.npy,0.07467624999998179,53.56455365663079
1135,620.822728,621,235.858427,scan_blocks_output/B6_1001_1300/00067_1135nm.npy,0.04499224999997864,88.90420016784888
1137,620.915544,621,235.951243,scan_blocks_output/B6_1001_1300/00068_1137nm.npy,0.04635350000000926,86.29337590471486
1139,621.008142,621,236.043841,scan_blocks_output/B6_1001_1300/00069_1139nm.npy,0.04586725000001479,87.20819320972393
1141,621.099013,621,236.134712,scan_blocks_output/B6_1001_1300/00070_1141nm.npy,0.04561375000000112,87.69285577265413
1143,621.190597,621,236.226296,scan_blocks_output/B6_1001_1300/00071_1143nm.npy,0.07722849999998971,51.79435053122271
1145,621.407927,621,236.443626,scan_blocks_output/B6_1001_1300/00072_1145nm.npy,0.07386825000000385,54.15046383256394
1147,621.48607,621,236.521769,scan_blocks_output/B6_1001_1300/00073_1147nm.npy,0.04088674999999853,97.83120448556424
1149,621.571474,621,236.607173,scan_blocks_output/B6_1001_1300/00074_1149nm.npy,0.04037424999998507,99.07304779659013
1151,621.647567,622,236.683266,scan_blocks_output/B6_1001_1300/00075_1151nm.npy,0.041971500000016704,95.3027649714308
1153,621.73936,622,236.775059,scan_blocks_output/B6_1001_1300/00076_1153nm.npy,0.07520974999999908,53.18459375280531
1155,621.948406,622,236.984104,scan_blocks_output/B6_1001_1300/00077_1155nm.npy,0.07320550000000026,54.640703225850324
1157,622.032182,622,237.067881,scan_blocks_output/B6_1001_1300/00078_1157nm.npy,0.07705400000000395,51.91164637786221
1159,622.256622,622,237.292321,scan_blocks_output/B6_1001_1300/00079_1159nm.npy,0.07613349999999741,52.53928953745901
1161,622.336716,622,237.372415,scan_blocks_output/B6_1001_1300/00080_1161nm.npy,0.045059000000009064,88.77249828001499
1163,622.436858,622,237.472556,scan_blocks_output/B6_1001_1300/00081_1163nm.npy,0.041536750000005895,96.3002642238363
1165,622.502863,622,237.538562,scan_blocks_output/B6_1001_1300/00082_1165nm.npy,0.03890674999999533,102.80992372790018
1167,622.592485,622,237.628184,scan_blocks_output/B6_1001_1300/00083_1167nm.npy,0.04341749999997546,92.12874992807649
1169,622.676533,622,237.712232,scan_blocks_output/B6_1001_1300/00084_1169nm.npy,0.04005674999999087,99.85832600001028
1171,622.752712,622,237.78841,scan_blocks_output/B6_1001_1300/00085_1171nm.npy,0.07531725000001188,53.10868360168977
1173,622.977802,622,238.013501,scan_blocks_output/B6_1001_1300/00086_1173nm.npy,0.11065150000001722,36.1495325413517
1175,623.195318,623,238.231017,scan_blocks_output/B6_1001_1300/00087_1175nm.npy,0.07714550000000031,51.85007550667225
1177,623.286384,623,238.322083,scan_blocks_output/B6_1001_1300/00088_1177nm.npy,0.04448349999998413,89.92098193715482
1179,623.373252,623,238.408951,scan_blocks_output/B6_1001_1300/00089_1179nm.npy,0.04245249999999601,94.22295506743717
1181,623.456194,623,238.491892,scan_blocks_output/B6_1001_1300/00090_1181nm.npy,0.03899375000000305,102.58054175347812
1183,623.529227,623,238.564926,scan_blocks_output/B6_1001_1300/00091_1183nm.npy,0.03829999999999245,104.43864229767071
1185,623.609394,623,238.645093,scan_blocks_output/B6_1001_1300/00092_1185nm.npy,0.041854000000000724,95.57031585989226
1187,623.696643,623,238.732342,scan_blocks_output/B6_1001_1300/00093_1187nm.npy,0.07809950000000754,51.216717136468404
1189,623.921792,623,238.957491,scan_blocks_output/B6_1001_1300/00094_1189nm.npy,0.07517974999998955,53.205816725920954
1191,623.997362,624,239.033061,scan_blocks_output/B6_1001_1300/00095_1191nm.npy,0.04157200000000216,96.2186086789135
1193,624.08808,624,239.123779,scan_blocks_output/B6_1001_1300/00096_1193nm.npy,0.07622225000000071,52.478114986109205
1195,624.302251,624,239.33795,scan_blocks_output/B6_1001_1300/00097_1195nm.npy,0.07272900000000959,54.99869378101545
1197,624.378996,624,239.414695,scan_blocks_output/B6_1001_1300/00098_1197nm.npy,0.03680275000002098,108.68753014374524
1199,624.449462,624,239.485161,scan_blocks_output/B6_1001_1300/00099_1199nm.npy,0.036739749999981086,108.87390360582364
1201,624.525955,624,239.561654,scan_blocks_output/B6_1001_1300/00100_1201nm.npy,0.07356124999998315,54.37645499499963
1203,624.743707,624,239.779406,scan_blocks_output/B6_1001_1300/00101_1203nm.npy,0.07813950000002023,51.19049904336429
1205,624.838513,624,239.874212,scan_blocks_output/B6_1001_1300/00102_1205nm.npy,0.04981725000001802,80.29347264247933
1207,624.942976,624,239.978675,scan_blocks_output/B6_1001_1300/00103_1207nm.npy,0.04429774999999836,90.29803996817328
1209,625.015704,624,240.051403,scan_blocks_output/B6_1001_1300/00104_1209nm.npy,0.03626374999998916,110.30298852162824
1211,625.088031,624,240.12373,scan_blocks_output/B6_1001_1300/00105_1211nm.npy,0.03980325000000562,100.49430636944057
1213,625.174917,625,240.210616,scan_blocks_output/B6_1001_1300/00106_1213nm.npy,0.04622100000000273,86.54074987559255
1215,625.272915,625,240.308614,scan_blocks_output/B6_1001_1300/00107_1215nm.npy,0.07653725000000122,52.26213379759445
1217,625.481066,625,240.516765,scan_blocks_output/B6_1001_1300/00108_1217nm.npy,0.07267074999998613,55.04277855947219
1219,625.563598,625,240.599297,scan_blocks_output/B6_1001_1300/00109_1219nm.npy,0.04504799999997999,88.79417510215274
1221,625.661258,625,240.696957,scan_blocks_output/B6_1001_1300/00110_1221nm.npy,0.04066775000001144,98.35803554410744
1223,625.726269,626,240.761968,scan_blocks_output/B6_1001_1300/00111_1223nm.npy,0.06573149999999828,60.85362421365867
1225,625.924184,626,240.959883,scan_blocks_output/B6_1001_1300/00112_1225nm.npy,0.06886199999999576,58.08718887049819
1227,626.001717,626,241.037416,scan_blocks_output/B6_1001_1300/00113_1227nm.npy,0.03809599999999591,104.99790004201043
1229,626.076568,626,241.112267,scan_blocks_output/B6_1001_1300/00114_1229nm.npy,0.07107250000001386,56.280558584532976
1231,626.286007,626,241.321706,scan_blocks_output/B6_1001_1300/00115_1231nm.npy,0.07253900000000613,55.142750796118804
1233,626.366724,626,241.402423,scan_blocks_output/B6_1001_1300/00116_1233nm.npy,0.037350250000002916,107.0943300245564
1235,626.435408,626,241.471107,scan_blocks_output/B6_1001_1300/00117_1235nm.npy,0.031970000000001164,125.11729746637018
1237,626.494604,626,241.530303,scan_blocks_output/B6_1001_1300/00118_1237nm.npy,0.03458499999999276,115.65707676740891
1239,626.573748,626,241.609447,scan_blocks_output/B6_1001_1300/00119_1239nm.npy,0.043342999999993026,92.28710518424299
1241,626.667976,626,241.703674,scan_blocks_output/B6_1001_1300/00120_1241nm.npy,0.04086624999999344,97.88028018231773
1243,626.737213,626,241.772912,scan_blocks_output/B6_1001_1300/00121_1243nm.npy,0.03199299999999994,125.02734973275429
1245,626.795948,626,241.831647,scan_blocks_output/B6_1001_1300/00122_1245nm.npy,0.03658325000000673,109.33965681013208
1247,626.883546,626,241.919245,scan_blocks_output/B6_1001_1300/00123_1247nm.npy,0.07484025000002248,53.447175817809246
1249,627.095309,627,242.131007,scan_blocks_output/B6_1001_1300/00124_1249nm.npy,0.0717975000000024,55.712246248126554
1251,627.170736,627,242.206435,scan_blocks_output/B6_1001_1300/00125_1251nm.npy,0.07276424999997744,54.972050148269794
1253,627.386366,627,242.422065,scan_blocks_output/B6_1001_1300/00126_1253nm.npy,0.07284224999997946,54.91318568552081
1255,627.462105,627,242.497804,scan_blocks_output/B6_1001_1300/00127_1255nm.npy,0.03554075000002399,112.54686521801875
1257,627.528529,627,242.564228,scan_blocks_output/B6_1001_1300/00128_1257nm.npy,0.03460900000001743,115.57687306764095
1259,627.600541,627,242.63624,scan_blocks_output/B6_1001_1300/00129_1259nm.npy,0.03532574999999838,113.2318492884138
1261,627.669832,627,242.705531,scan_blocks_output/B6_1001_1300/00130_1261nm.npy,0.0356952500000034,112.05972783492535
1263,627.743322,627,242.77902,scan_blocks_output/B6_1001_1300/00131_1263nm.npy,0.07015949999998838,57.01294906606607
1265,627.95047,627,242.986169,scan_blocks_output/B6_1001_1300/00132_1265nm.npy,0.0698972499999968,57.22685799513118
1267,628.022911,628,243.05861,scan_blocks_output/B6_1001_1300/00133_1267nm.npy,0.039418000000011943,101.47648282507454
1269,628.108142,628,243.143841,scan_blocks_output/B6_1001_1300/00134_1269nm.npy,0.03825050000000374,104.5737964209516
1271,628.175913,628,243.211612,scan_blocks_output/B6_1001_1300/00135_1271nm.npy,0.03510199999999486,113.95362087632003
1273,628.24855,628,243.284249,scan_blocks_output/B6_1001_1300/00136_1273nm.npy,0.07163399999998887,55.83940586873023
1275,628.462449,628,243.498148,scan_blocks_output/B6_1001_1300/00137_1275nm.npy,0.07296725000000492,54.819114054589285
1277,628.540419,628,243.576118,scan_blocks_output/B6_1001_1300/00138_1277nm.npy,0.03699975000000677,108.10883857321382
1279,628.610448,628,243.646147,scan_blocks_output/B6_1001_1300/00139_1279nm.npy,0.03738299999997707,107.00050825247982
1281,628.689951,628,243.72565,scan_blocks_output/B6_1001_1300/00140_1281nm.npy,0.0403079999999818,99.23588369558911
1283,628.77168,628,243.807379,scan_blocks_output/B6_1001_1300/00141_1283nm.npy,0.07420225000001324,53.906721157367684
1285,628.98676,628,244.022459,scan_blocks_output/B6_1001_1300/00142_1285nm.npy,0.07338825000002203,54.504638004023796
1287,629.065233,628,244.100932,scan_blocks_output/B6_1001_1300/00143_1287nm.npy,0.03602324999999951,111.03939816646346
1289,629.130853,629,244.166552,scan_blocks_output/B6_1001_1300/00144_1289nm.npy,0.03598349999998618,111.162060388832
1291,629.209167,629,244.244866,scan_blocks_output/B6_1001_1300/00145_1291nm.npy,0.041176500000005944,97.14278775513758
1293,629.295559,629,244.331258,scan_blocks_output/B6_1001_1300/00146_1293nm.npy,0.07158474999999953,55.8778231397054
1295,629.495506,629,244.531205,scan_blocks_output/B6_1001_1300/00147_1295nm.npy,0.07086599999999521,56.444557333562926
1297,629.579023,629,244.614722,scan_blocks_output/B6_1001_1300/00148_1297nm.npy,0.042505000000005566,94.1065756969645
1299,629.665526,629,244.701225,scan_blocks_output/B6_1001_1300/00149_1299nm.npy,0.04474974999999404,89.38597422333159
1301,629.758022,629,244.793721,scan_blocks_output/B7_1301_1700/00000_1301nm.npy,0.0651597499999923,61.38758973139818
1303,629.926165,629,244.961864,scan_blocks_output/B7_1301_1700/00001_1303nm.npy,0.006575249999997368,608.3418881413788
1305,629.784323,630,244.820022,scan_blocks_output/B7_1301_1700/00002_1305nm.npy,-0.02224099999997975,179.84802841615223
1307,629.837201,630,244.8729,scan_blocks_output/B7_1301_1700/00003_1307nm.npy,0.02679399999999532,149.2871538404381
1309,629.891499,630,244.927198,scan_blocks_output/B7_1301_1700/00004_1309nm.npy,0.10053974999999582,39.78525906420263
1311,630.23936,630,245.275059,scan_blocks_output/B7_1301_1700/00005_1311nm.npy,0.10528924999999845,37.99058308421856
1313,630.312656,630,245.348354,scan_blocks_output/B7_1301_1700/00006_1313nm.npy,0.03620749999998907,110.47434923706989
1315,630.38419,630,245.419889,scan_blocks_output/B7_1301_1700/00007_1315nm.npy,0.03366825000000517,118.80629376339387
1317,630.447329,630,245.483027,scan_blocks_output/B7_1301_1700/00008_1317nm.npy,0.03601374999999507,111.06868904239485
1319,630.528245,630,245.563944,scan_blocks_output/B7_1301_1700/00009_1319nm.npy,0.03606750000000147,110.90316767172209
1321,630.591599,630,245.627298,scan_blocks_output/B7_1301_1700/00010_1321nm.npy,0.0320325000000139,124.87317568089486
1323,630.656375,630,245.692074,scan_blocks_output/B7_1301_1700/00011_1323nm.npy,0.033466000000004215,119.52429331260073
1325,630.725463,630,245.761162,scan_blocks_output/B7_1301_1700/00012_1325nm.npy,0.030547749999982443,130.94254077640085
1327,630.778566,630,245.814265,scan_blocks_output/B7_1301_1700/00013_1327nm.npy,0.027257999999989124,146.74590945783243
1329,630.834495,630,245.870194,scan_blocks_output/B7_1301_1700/00014_1329nm.npy,0.06414075000000707,62.362850449980066
1331,631.035129,630,246.070828,scan_blocks_output/B7_1301_1700/00015_1331nm.npy,0.0672522500000241,59.477563947653294
1333,631.103504,630,246.139203,scan_blocks_output/B7_1301_1700/00016_1333nm.npy,0.03249375000001464,123.1005962684577
1335,631.165104,630,246.200803,scan_blocks_output/B7_1301_1700/00017_1335nm.npy,0.03042049999999108,131.49027793761354
1337,631.225186,630,246.260884,scan_blocks_output/B7_1301_1700/00018_1337nm.npy,0.06246274999998036,64.03816674740158
1339,631.414955,630,246.450654,scan_blocks_output/B7_1301_1700/00019_1339nm.npy,0.06295399999999063,63.53845665089741
1341,631.477002,630,246.512701,scan_blocks_output/B7_1301_1700/00020_1341nm.npy,0.03308624999999665,120.89614265746057
1343,631.5473,630,246.582999,scan_blocks_output/B7_1301_1700/00021_1343nm.npy,0.032810250000011365,121.91312166163362
1345,631.608243,630,246.643942,scan_blocks_output/B7_1301_1700/00022_1345nm.npy,0.03327825000002349,120.19862823307044
1347,631.680413,631,246.716112,scan_blocks_output/B7_1301_1700/00023_1347nm.npy,0.03156450000000177,126.72464319091941
1349,631.734501,631,246.7702,scan_blocks_output/B7_1301_1700/00024_1349nm.npy,0.032792999999998074,121.97725124265041
1351,631.811585,631,246.847284,scan_blocks_output/B7_1301_1700/00025_1351nm.npy,0.039210999999994556,102.01219045677375
1353,631.891345,631,246.927044,scan_blocks_output/B7_1301_1700/00026_1353nm.npy,0.0338299999999947,118.23825007391744
1355,631.946905,631,246.982604,scan_blocks_output/B7_1301_1700/00027_1355nm.npy,0.0309635000000128,129.1843622328983
1357,632.015199,631,247.050898,scan_blocks_output/B7_1301_1700/00028_1357nm.npy,0.06663149999999973,60.0316667041867
1359,632.213431,631,247.249129,scan_blocks_output/B7_1301_1700/00029_1359nm.npy,0.09689274999999498,41.28275851392604
1361,632.40277,631,247.438469,scan_blocks_output/B7_1301_1700/00030_1361nm.npy,0.060159999999996217,66.48936170213184
1363,632.454071,632,247.48977,scan_blocks_output/B7_1301_1700/00031_1363nm.npy,0.023531749999989415,169.98310792872604
1365,632.496897,632,247.532596,scan_blocks_output/B7_1301_1700/00032_1365nm.npy,0.03420349999998962,116.94709605745652
1367,632.590885,632,247.626584,scan_blocks_output/B7_1301_1700/00033_1367nm.npy,0.04041050000000723,98.98417490501934
1369,632.658539,632,247.694238,scan_blocks_output/B7_1301_1700/00034_1369nm.npy,0.03306500000002188,120.97383940714812
1371,632.723145,632,247.758844,scan_blocks_output/B7_1301_1700/00035_1371nm.npy,0.03449574999999072,115.95631345893555
1373,632.796522,632,247.832221,scan_blocks_output/B7_1301_1700/00036_1373nm.npy,0.03561675000000264,112.30670962397477
1375,632.865612,632,247.901311,scan_blocks_output/B7_1301_1700/00037_1375nm.npy,0.03412975000000529,117.19980369031066
1377,632.933041,632,247.96874,scan_blocks_output/B7_1301_1700/00038_1377nm.npy,0.03364474999997924,118.88927693035222
1379,633.000191,633,248.03589,scan_blocks_output/B7_1301_1700/00039_1379nm.npy,0.06262225000000399,63.87506038188895
1381,633.18353,633,248.219229,scan_blocks_output/B7_1301_1700/00040_1381nm.npy,0.0611925000000042,65.36748784572823
1383,633.244961,633,248.28066,scan_blocks_output/B7_1301_1700/00041_1383nm.npy,0.036293000000000575,110.21409087151618
1385,633.328702,633,248.364401,scan_blocks_output/B7_1301_1700/00042_1385nm.npy,0.04132924999998977,96.78375484677294
1387,633.410278,633,248.445977,scan_blocks_output/B7_1301_1700/00043_1387nm.npy,0.03856675000000109,103.71628410482829
1389,633.482969,633,248.518668,scan_blocks_output/B7_1301_1700/00044_1389nm.npy,0.07139850000001502,56.023585929664605
1391,633.695872,633,248.73157,scan_blocks_output/B7_1301_1700/00045_1391nm.npy,0.07019624999998086,56.98310094914031
1393,633.763754,633,248.799453,scan_blocks_output/B7_1301_1700/00046_1393nm.npy,0.03293700000000399,121.4439687888853
1395,633.82762,633,248.863319,scan_blocks_output/B7_1301_1700/00047_1395nm.npy,0.03223875000000476,124.07428948080833
1397,633.892709,633,248.928408,scan_blocks_output/B7_1301_1700/00048_1397nm.npy,0.03680474999998751,108.68162397520314
1399,633.974839,633,249.010538,scan_blocks_output/B7_1301_1700/00049_1399nm.npy,0.07158549999999764,55.877237708755715
1401,634.179051,633,249.214749,scan_blocks_output/B7_1301_1700/00050_1401nm.npy,0.0701057500000104,57.05666083023727
1403,634.255262,633,249.29096,scan_blocks_output/B7_1301_1700/00051_1403nm.npy,0.04062774999999874,98.45487382392882
1405,634.341562,633,249.377261,scan_blocks_output/B7_1301_1700/00052_1405nm.npy,0.03880050000000779,103.09145500700241
1407,634.410464,633,249.446163,scan_blocks_output/B7_1301_1700/00053_1407nm.npy,0.026246250000014015,152.40272419861367
1409,634.446547,633,249.482246,scan_blocks_output/B7_1301_1700/00054_1409nm.npy,0.03753849999998238,106.5572678717018
1411,634.560618,633,249.596316,scan_blocks_output/B7_1301_1700/00055_1411nm.npy,0.04525449999999864,88.38899998895403
1413,634.627565,633,249.663264,scan_blocks_output/B7_1301_1700/00056_1413nm.npy,0.035060250000015,114.08931767452566
1415,634.700859,633,249.736558,scan_blocks_output/B7_1301_1700/00057_1415nm.npy,0.07247175000000539,55.193920389664974
1417,634.917452,633,249.953151,scan_blocks_output/B7_1301_1700/00058_1417nm.npy,0.07166074999997818,55.81856176499992
1419,634.987502,633,250.023201,scan_blocks_output/B7_1301_1700/00059_1419nm.npy,0.0664549999999906,60.19110676398413
1421,635.183272,633,250.21897,scan_blocks_output/B7_1301_1700/00060_1421nm.npy,0.06945475000000556,57.59145342830663
1423,635.265321,633,250.301019,scan_blocks_output/B7_1301_1700/00061_1423nm.npy,0.04014349999999922,99.64253241496326
1425,635.343846,633,250.379545,scan_blocks_output/B7_1301_1700/00062_1425nm.npy,0.035856249999994816,111.55656266342906
1427,635.408746,633,250.444445,scan_blocks_output/B7_1301_1700/00063_1427nm.npy,0.03395150000000058,117.81511862509556
1429,635.479652,634,250.515351,scan_blocks_output/B7_1301_1700/00064_1429nm.npy,0.03568549999999959,112.09034481792453
1431,635.551488,634,250.587187,scan_blocks_output/B7_1301_1700/00065_1431nm.npy,0.03659350000000927,109.30903029223732
1433,635.626026,634,250.661724,scan_blocks_output/B7_1301_1700/00066_1433nm.npy,0.07159150000001091,55.872554702714574
1435,635.837854,634,250.873553,scan_blocks_output/B7_1301_1700/00067_1435nm.npy,0.07006724999999392,57.08801187431143
1437,635.906295,634,250.941994,scan_blocks_output/B7_1301_1700/00068_1437nm.npy,0.032156750000012835,124.39068002824924
1439,635.966481,635,251.00218,scan_blocks_output/B7_1301_1700/00069_1439nm.npy,0.03157924999999295,126.66545278943903
1441,636.032612,635,251.068311,scan_blocks_output/B7_1301_1700/00070_1441nm.npy,0.032709749999980886,122.28769709344576
1443,636.09732,635,251.133019,scan_blocks_output/B7_1301_1700/00071_1443nm.npy,0.03278500000001827,122.0070154033177
1445,636.163752,635,251.199451,scan_blocks_output/B7_1301_1700/00072_1445nm.npy,0.041660750000005464,96.01363393600631
1447,636.263963,635,251.299662,scan_blocks_output/B7_1301_1700/00073_1447nm.npy,0.04193250000000148,95.39140284981478
1449,636.331482,635,251.367181,scan_blocks_output/B7_1301_1700/00074_1449nm.npy,0.033693499999998267,118.71726000564517
1451,636.398737,635,251.434436,scan_blocks_output/B7_1301_1700/00075_1451nm.npy,0.0383409999999742,104.32696069488776
1453,636.484846,635,251.520545,scan_blocks_output/B7_1301_1700/00076_1453nm.npy,0.039552250000014055,101.13204684938476
1455,636.556946,635,251.592645,scan_blocks_output/B7_1301_1700/00077_1455nm.npy,0.10021174999999971,39.915478973274205
1457,636.885693,635,251.921392,scan_blocks_output/B7_1301_1700/00078_1457nm.npy,0.09899974999999017,40.404142434707126
1459,636.952945,635,251.988644,scan_blocks_output/B7_1301_1700/00079_1459nm.npy,0.04257875000001832,93.94357514014101
1461,637.056008,635,252.091707,scan_blocks_output/B7_1301_1700/00080_1461nm.npy,0.04570050000000947,87.52639467837707
1463,637.135747,635,252.171446,scan_blocks_output/B7_1301_1700/00081_1463nm.npy,0.039046249999984184,102.44261612835088
1465,637.212193,635,252.247891,scan_blocks_output/B7_1301_1700/00082_1465nm.npy,0.04258399999997664,93.93199323694802
1467,637.306083,635,252.341782,scan_blocks_output/B7_1301_1700/00083_1467nm.npy,0.043981999999999744,90.94629621208729
1469,637.388121,635,252.42382,scan_blocks_output/B7_1301_1700/00084_1469nm.npy,0.04033450000000016,99.1706851454706
1471,637.467421,636,252.50312,scan_blocks_output/B7_1301_1700/00085_1471nm.npy,0.07694500000002336,51.98518422248081
1473,637.695901,636,252.7316,scan_blocks_output/B7_1301_1700/00086_1473nm.npy,0.07742850000002477,51.66056426249663
1475,637.777135,636,252.812834,scan_blocks_output/B7_1301_1700/00087_1475nm.npy,0.034178249999996524,117.0334935229395
1477,637.832614,636,252.868313,scan_blocks_output/B7_1301_1700/00088_1477nm.npy,0.03818249999997647,104.76003404707562
1479,637.929865,636,252.965564,scan_blocks_output/B7_1301_1700/00089_1479nm.npy,0.04302774999999315,92.96326208088122
1481,638.004725,636,253.040424,scan_blocks_output/B7_1301_1700/00090_1481nm.npy,0.038826749999998356,103.02175690729122
1483,638.085172,636,253.120871,scan_blocks_output/B7_1301_1700/00091_1483nm.npy,0.07591249999998695,52.69224436029228
1485,638.308375,636,253.344074,scan_blocks_output/B7_1301_1700/00092_1485nm.npy,0.07626275000001215,52.4502460244269
1487,638.390223,636,253.425922,scan_blocks_output/B7_1301_1700/00093_1487nm.npy,0.07213925000002064,55.4483169702881
1489,638.596932,636,253.632631,scan_blocks_output/B7_1301_1700/00094_1489nm.npy,0.07620825000000764,52.487755590760834
1491,638.695056,636,253.730755,scan_blocks_output/B7_1301_1700/00095_1491nm.npy,0.04614325000000008,86.68656845800834
1493,638.781505,636,253.817204,scan_blocks_output/B7_1301_1700/00096_1493nm.npy,0.04135549999998034,96.72232230300447
1495,638.860478,637,253.896177,scan_blocks_output/B7_1301_1700/00097_1495nm.npy,0.041045999999994365,97.45163962385006
1497,638.945689,637,253.981388,scan_blocks_output/B7_1301_1700/00098_1497nm.npy,0.04538375000001338,88.13727380392368
1499,639.042013,636,254.077712,scan_blocks_output/B7_1301_1700/00099_1499nm.npy,0.04512074999999527,88.65100868226746
1501,639.126172,637,254.161871,scan_blocks_output/B7_1301_1700/00100_1501nm.npy,0.03966600000001108,100.84203095847533
1503,639.200677,637,254.236376,scan_blocks_output/B7_1301_1700/00101_1503nm.npy,0.07697600000000193,51.964248596963984
1505,639.434076,637,254.469775,scan_blocks_output/B7_1301_1700/00102_1505nm.npy,0.11097624999999312,36.043748099257705
1507,639.644582,637,254.680281,scan_blocks_output/B7_1301_1700/00103_1507nm.npy,0.07285074999998642,54.906778584993916
1509,639.725479,637,254.761178,scan_blocks_output/B7_1301_1700/00104_1509nm.npy,0.041957749999994576,95.33399669907269
1511,639.812413,637,254.848112,scan_blocks_output/B7_1301_1700/00105_1511nm.npy,0.03989425000000324,100.2650757941226
1513,639.885056,637,254.920755,scan_blocks_output/B7_1301_1700/00106_1513nm.npy,0.03751349999998865,106.62828048572408
1515,639.962467,637,254.998166,scan_blocks_output/B7_1301_1700/00107_1515nm.npy,0.036877000000004045,108.46869322340649
1517,640.032564,637,255.068263,scan_blocks_output/B7_1301_1700/00108_1517nm.npy,0.04236600000001545,94.41533305005291
1519,640.131931,637,255.167629,scan_blocks_output/B7_1301_1700/00109_1519nm.npy,0.04295824999999809,93.11366268412186
1521,640.204397,637,255.240096,scan_blocks_output/B7_1301_1700/00110_1521nm.npy,0.0755969999999877,52.912152598656704
1523,640.434319,637,255.470017,scan_blocks_output/B7_1301_1700/00111_1523nm.npy,0.08263175000001866,48.40754310539347
1525,640.534924,637,255.570623,scan_blocks_output/B7_1301_1700/00112_1525nm.npy,0.04139650000001893,96.62652639711499
1527,640.599905,637,255.635603,scan_blocks_output/B7_1301_1700/00113_1527nm.npy,0.0421244999999999,94.95661669574736
1529,640.703422,637,255.739121,scan_blocks_output/B7_1301_1700/00114_1529nm.npy,0.08371574999998188,47.780734210717405
1531,640.934768,638,255.970467,scan_blocks_output/B7_1301_1700/00115_1531nm.npy,0.0807847499999923,49.51429570556796
1533,641.026561,638,256.06226,scan_blocks_output/B7_1301_1700/00116_1533nm.npy,0.079357750000014,50.404654869868345
1535,641.252199,638,256.287898,scan_blocks_output/B7_1301_1700/00117_1535nm.npy,0.0796092500000043,50.24541746090792
1537,641.344998,638,256.380697,scan_blocks_output/B7_1301_1700/00118_1537nm.npy,0.04705325000000471,85.01006837996525
1539,641.440412,638,256.47611,scan_blocks_output/B7_1301_1700/00119_1539nm.npy,0.04498424999999884,88.92001089270363
1541,641.524935,638,256.560634,scan_blocks_output/B7_1301_1700/00120_1541nm.npy,0.046612999999979365,85.81297063054879
1543,641.626864,638,256.662562,scan_blocks_output/B7_1301_1700/00121_1543nm.npy,0.08029999999999404,49.8132004981357
1545,641.846135,638,256.881834,scan_blocks_output/B7_1301_1700/00122_1545nm.npy,0.07778925000002346,51.420986832998054
1547,641.938021,638,256.97372,scan_blocks_output/B7_1301_1700/00123_1547nm.npy,0.04877700000000118,82.0058634192325
1549,642.041243,638,257.076942,scan_blocks_output/B7_1301_1700/00124_1549nm.npy,0.049279749999982414,81.16924294464617
1551,642.13514,638,257.170839,scan_blocks_output/B7_1301_1700/00125_1551nm.npy,0.04624100000000908,86.50331956487132
1553,642.226207,639,257.261906,scan_blocks_output/B7_1301_1700/00126_1553nm.npy,0.08168600000001902,48.967999412372606
1555,642.461884,639,257.497583,scan_blocks_output/B7_1301_1700/00127_1555nm.npy,0.08475299999997787,47.19596946422008
1557,642.565219,639,257.600917,scan_blocks_output/B7_1301_1700/00128_1557nm.npy,0.04744649999997819,84.30548091011643
1559,642.65167,639,257.687369,scan_blocks_output/B7_1301_1700/00129_1559nm.npy,0.04447849999999676,89.9310903020626
1561,642.743133,639,257.778832,scan_blocks_output/B7_1301_1700/00130_1561nm.npy,0.047631499999994276,83.9780397426174
1563,642.842196,639,257.877895,scan_blocks_output/B7_1301_1700/00131_1563nm.npy,0.04998900000001072,80.01760387283487
1565,642.943089,639,257.978788,scan_blocks_output/B7_1301_1700/00132_1565nm.npy,0.11323775000002456,35.323909208714696
1567,643.295147,639,258.330846,scan_blocks_output/B7_1301_1700/00133_1567nm.npy,0.11565150000001267,34.58666770426291
1569,643.405695,639,258.441393,scan_blocks_output/B7_1301_1700/00134_1569nm.npy,0.04896574999997938,81.68975253114033
1571,643.49101,639,258.526709,scan_blocks_output/B7_1301_1700/00135_1571nm.npy,0.04641399999999862,86.18089369587018
1573,643.591351,639,258.627049,scan_blocks_output/B7_1301_1700/00136_1573nm.npy,0.047949250000016264,83.42153422626305
1575,643.682807,640,258.718506,scan_blocks_output/B7_1301_1700/00137_1575nm.npy,0.08302399999999466,48.17883985353943
1577,643.923447,640,258.959145,scan_blocks_output/B7_1301_1700/00138_1577nm.npy,0.081441749999982,49.11485816550951
1579,644.008574,640,259.044273,scan_blocks_output/B7_1301_1700/00139_1579nm.npy,0.04209374999999227,95.02598366742652
1581,644.091822,640,259.127521,scan_blocks_output/B7_1301_1700/00140_1581nm.npy,0.04657575000001657,85.88160147713299
1583,644.194877,641,259.230576,scan_blocks_output/B7_1301_1700/00141_1583nm.npy,0.04576050000000009,87.41163230296854
1585,644.274864,641,259.310563,scan_blocks_output/B7_1301_1700/00142_1585nm.npy,0.08781475000000682,45.55043429491844
1587,644.546136,641,259.581835,scan_blocks_output/B7_1301_1700/00143_1587nm.npy,0.08870450000000574,45.093540913930426
1589,644.629682,641,259.665381,scan_blocks_output/B7_1301_1700/00144_1589nm.npy,0.04824274999998579,82.9140129864317
1591,644.739107,641,259.774806,scan_blocks_output/B7_1301_1700/00145_1591nm.npy,0.045299499999998716,88.30119537743492
1593,644.81088,641,259.846579,scan_blocks_output/B7_1301_1700/00146_1593nm.npy,0.07351299999999128,54.412144790723744
1595,645.033159,641,260.068858,scan_blocks_output/B7_1301_1700/00147_1595nm.npy,0.11983699999998976,33.378672697083054
1597,645.290228,641,260.325927,scan_blocks_output/B7_1301_1700/00148_1597nm.npy,0.08561650000001464,46.71996636161623
1599,645.375625,641,260.411324,scan_blocks_output/B7_1301_1700/00149_1599nm.npy,0.04182950000000574,95.62629244909577
1601,645.457546,641,260.493245,scan_blocks_output/B7_1301_1700/00150_1601nm.npy,0.03930775000000608,101.76110309034176
1603,645.532856,641,260.568555,scan_blocks_output/B7_1301_1700/00151_1603nm.npy,0.07901425000000017,50.623779887804936
1605,645.773603,641,260.809302,scan_blocks_output/B7_1301_1700/00152_1605nm.npy,0.08090699999999629,49.43947989667375
1607,645.856484,641,260.892183,scan_blocks_output/B7_1301_1700/00153_1607nm.npy,0.04265350000000012,93.77893959464026
1609,645.944217,642,260.979916,scan_blocks_output/B7_1301_1700/00154_1609nm.npy,0.051257999999990034,78.03659916502356
1611,646.061516,642,261.097215,scan_blocks_output/B7_1301_1700/00155_1611nm.npy,0.08442049999999313,47.381856302679154
1613,646.281899,643,261.317598,scan_blocks_output/B7_1301_1700/00156_1613nm.npy,0.07770949999999743,51.47375803473362
1615,646.372354,643,261.408053,scan_blocks_output/B7_1301_1700/00157_1615nm.npy,0.04563525000000368,87.65154129756444
1617,646.46444,643,261.500139,scan_blocks_output/B7_1301_1700/00158_1617nm.npy,0.07726800000000367,51.7678728581018
1619,646.681426,643,261.717125,scan_blocks_output/B7_1301_1700/00159_1619nm.npy,0.07684075000000234,52.05571262643686
1621,646.771803,643,261.807502,scan_blocks_output/B7_1301_1700/00160_1621nm.npy,0.08042675000001509,49.73469647846331
1623,647.003133,643,262.038832,scan_blocks_output/B7_1301_1700/00161_1623nm.npy,0.08021300000001474,49.86722850409865
1625,647.092655,643,262.128354,scan_blocks_output/B7_1301_1700/00162_1625nm.npy,0.046176750000000766,86.62367966563116
1627,647.18784,643,262.223539,scan_blocks_output/B7_1301_1700/00163_1627nm.npy,0.0862052499999777,46.400886256939515
1629,647.437476,643,262.473175,scan_blocks_output/B7_1301_1700/00164_1629nm.npy,0.0856059999999843,46.72569679696205
1631,647.530264,643,262.565963,scan_blocks_output/B7_1301_1700/00165_1631nm.npy,0.04392000000001417,91.07468123858628
1633,647.613156,643,262.648855,scan_blocks_output/B7_1301_1700/00166_1633nm.npy,0.04245199999999727,94.22406482616266
1635,647.700072,643,262.735771,scan_blocks_output/B7_1301_1700/00167_1635nm.npy,0.07285774999999717,54.90150327178859
1637,647.904587,643,262.940286,scan_blocks_output/B7_1301_1700/00168_1637nm.npy,0.07828125000000341,51.09780439121534
1639,648.013197,643,263.048896,scan_blocks_output/B7_1301_1700/00169_1639nm.npy,0.0534150000000011,74.88533183562515
1641,648.118247,643,263.153946,scan_blocks_output/B7_1301_1700/00170_1641nm.npy,0.056319250000001375,71.02367307803108
1643,648.238474,644,263.274173,scan_blocks_output/B7_1301_1700/00171_1643nm.npy,0.09008249999999407,44.40374101518345
1645,648.478577,644,263.514276,scan_blocks_output/B7_1301_1700/00172_1645nm.npy,0.08365000000000578,47.818290496111466
1647,648.573074,644,263.608773,scan_blocks_output/B7_1301_1700/00173_1647nm.npy,0.05241350000000011,76.31621624199856
1649,648.688231,645,263.72393,scan_blocks_output/B7_1301_1700/00174_1649nm.npy,0.05491050000000541,72.84581273161974
1651,648.792716,645,263.828415,scan_blocks_output/B7_1301_1700/00175_1651nm.npy,0.08666350000001444,46.155532605991375
1653,649.034885,645,264.070584,scan_blocks_output/B7_1301_1700/00176_1653nm.npy,0.08143824999999083,49.11696899184904
1655,649.118469,646,264.154168,scan_blocks_output/B7_1301_1700/00177_1655nm.npy,0.05038675000000126,79.38594967922917
1657,649.236432,646,264.27213,scan_blocks_output/B7_1301_1700/00178_1657nm.npy,0.05308675000000562,75.34836847235094
1659,649.330816,646,264.366515,scan_blocks_output/B7_1301_1700/00179_1659nm.npy,0.08093324999998686,49.423444628760734
1661,649.560165,646,264.595864,scan_blocks_output/B7_1301_1700/00180_1661nm.npy,0.08642649999998753,46.282100975980484
1663,649.676522,647,264.712221,scan_blocks_output/B7_1301_1700/00181_1663nm.npy,0.05398825000000329,74.09019555180537
1665,649.776118,647,264.811817,scan_blocks_output/B7_1301_1700/00182_1665nm.npy,0.08846900000000346,45.21357763736273
1667,650.030398,647,265.066097,scan_blocks_output/B7_1301_1700/00183_1667nm.npy,0.08815375000000358,45.3752676431784
1669,650.128733,648,265.164432,scan_blocks_output/B7_1301_1700/00184_1669nm.npy,0.05098350000000096,78.45675561701188
1671,650.234332,648,265.27003,scan_blocks_output/B7_1301_1700/00185_1671nm.npy,0.05332849999999212,75.00679749103371
1673,650.342047,649,265.377746,scan_blocks_output/B7_1301_1700/00186_1673nm.npy,0.09201575000000162,43.47081885438014
1675,650.602395,649,265.638093,scan_blocks_output/B7_1301_1700/00187_1675nm.npy,0.09495599999999627,42.12477357934367
1677,650.721871,649,265.75757,scan_blocks_output/B7_1301_1700/00188_1677nm.npy,0.05967524999999796,67.02946363861294
1679,650.841096,650,265.876795,scan_blocks_output/B7_1301_1700/00189_1679nm.npy,0.09579050000002098,41.757794353293114
1681,651.105033,650,266.140732,scan_blocks_output/B7_1301_1700/00190_1681nm.npy,0.09092325000000301,43.99314806718708
1683,651.204789,651,266.240488,scan_blocks_output/B7_1301_1700/00191_1683nm.npy,0.05139074999999593,77.83501894796859
1685,651.310596,652,266.346295,scan_blocks_output/B7_1301_1700/00192_1685nm.npy,0.05619375000000559,71.18229340450854
1687,651.429564,652,266.465263,scan_blocks_output/B7_1301_1700/00193_1687nm.npy,0.09102974999998992,43.941678407338735
1689,651.674715,652,266.710414,scan_blocks_output/B7_1301_1700/00194_1689nm.npy,0.08617624999999407,46.416501066132206
1691,651.774269,653,266.809968,scan_blocks_output/B7_1301_1700/00195_1691nm.npy,0.04860800000000154,82.29098090848983
1693,651.869147,653,266.904846,scan_blocks_output/B7_1301_1700/00196_1693nm.npy,0.08692700000000286,46.01562230377061
1695,652.121977,653,267.157676,scan_blocks_output/B7_1301_1700/00197_1695nm.npy,0.08343350000001237,47.94237326732556
1697,652.202881,653,267.23858,scan_blocks_output/B7_1301_1700/00198_1697nm.npy,0.044908499999991136,89.06999788460513
1699,652.301611,653,267.33731,scan_blocks_output/B7_1301_1700/00199_1699nm.npy,0.04936499999996613,81.0290691786234
